﻿Designator,Quantity,Value,Footprint,Package,MPN,DNP,Mount_Type,Description,PN,Sim.Device,Sim.Pins,Field5
"C1, C17, C18, C2",4,0.1uF,C_0603_1608Metric_Pad1.08x0.95mm_HandSolder,0603,CC0603KRX7R7BB104,,smt,"Unpolarized capacitor, small symbol",,,,
C10,1,100n,C_0402_1005Metric,0402,CL05B104KP5NNNC,,smt,,,,,
"C11, C12",2,22u,C_0805_2012Metric,0805,CL21A226MAYNNNE,,smt,,,,,
"C15, C16",2,1uF,C_0603_1608Metric_Pad1.08x0.95mm_HandSolder,0603,CL10B105KP8NNNC,,smt,"Unpolarized capacitor, small symbol",,,,
C19,1,1u,C_0603_1608Metric_Pad1.08x0.95mm_HandSolder,0603,CL10B105KP8NNNC,,smt,"Unpolarized capacitor, small symbol",,,,
"C20, C30, C45",3,0.1u,C_0603_1608Metric_Pad1.08x0.95mm_HandSolder,0603,CC0603KRX7R7BB104,,smt,"Unpolarized capacitor, small symbol",,,,
"C21, C22",2,47nF,C_0603_1608Metric_Pad1.08x0.95mm_HandSolder,0603,CL10B473KO8NNNC,,smt,"Unpolarized capacitor, small symbol",,,,
"C23, C24, C25, C26",4,4.7u,C_0805_2012Metric_Pad1.18x1.45mm_HandSolder,0805,CL21A475KAQNNNE,,smt,"Unpolarized capacitor, small symbol",,,,
"C27, C28, C35, C36, C37, C38, C39, C40, C41, C42, C44",11,100n,C_0603_1608Metric_Pad1.08x0.95mm_HandSolder,0603,CC0603KRX7R7BB104,,smt,"Unpolarized capacitor, small symbol",,,,
C29,1,1nF,C_0603_1608Metric_Pad1.08x0.95mm_HandSolder,0603,CL10B102KB8NNNC,,smt,"Unpolarized capacitor, small symbol",,,,
"C3, C4, C5, C6, C7, C8",6,10uF,C_0805_2012Metric_Pad1.18x1.45mm_HandSolder,0805,CL21A106KOQNNNE,,smt,"Unpolarized capacitor, small symbol",,,,
"C31, C32",2,1.6nF,C_0603_1608Metric_Pad1.08x0.95mm_HandSolder,0603,GRM1885C1H162JA01D,,smt,"Unpolarized capacitor, small symbol",,,,
C43,1,2.2u,C_0603_1608Metric_Pad1.08x0.95mm_HandSolder,0603,CL10A225KO8NNNC,,smt,"Unpolarized capacitor, small symbol",,,,
C9,1,10u,C_0805_2012Metric,0805,CL21A106KOQNNNE,,smt,,,,,
D1,1,15V,D_SOD-323,SOD-323,BZT52C15S-7-F,,smt,Zener diode,MMSZ5245BS-7-F,,,
"D10, D4, D5, D6",4,LED,D_0603_1608Metric_Pad1.05x0.95mm_HandSolder,0603,LTST-C190KFKT,,smt,Light emitting diode,,,,
"D11, D12, D13, D9",4,ESDA6V1BC6,SOT-23-6,SOT-23-6,ESDA6V1BC6,,smt,"Quad bidirectional transil, Suppressor for ESD protection, 5V Standoff, 4 Channels, SOT-23-6",,,,
"D2, D3",2,D_Schottky,D_SOD-123,SOD-123,MBR0530T1G,,smt,Schottky diode,,,,
"D7, D8",2,D,D_SMA,SMA,S1J-13-F,,smt,Diode,,D,1=K 2=A,
F1,1,2A,Fuse_1206_3216Metric,1206,MF-NSML200/12-2,,smt,"Resettable fuse, polymeric positive temperature coefficient, small symbol",,,,
"F2, F4",2,250mA,Fuse_1206_3216Metric,1206,0ZCJ0025FF2E,,smt,"Resettable fuse, polymeric positive temperature coefficient, small symbol",,,,
F5,1,500mA,Fuse_1206_3216Metric,1206,0ZCJ0050AF2E,,smt,"Resettable fuse, polymeric positive temperature coefficient, small symbol",,,,
FL1,1,Choke_Coilcraft_0603USB-222,L_CommonModeChoke_Coilcraft_0603USB,,0603USB-222MLC,,smt,"Common mode choke, 500mA, 250VAC, 150nH, 209mohm, 0.96Ghz,",,,,
J1,1,Motor0,JST_SH_BM06B-SRSS-TB_1x06-1MP_P1.00mm_Vertical,,BM06B-SRSS-TB,,smt,"Generic connector, single row, 01x06, script generated (kicad-library-utils/schlib/autogen/connector/)",,,,
J10,1,USB_C_Receptacle_USB2.0_14P,GCT_USB4115-03-C_REVB4,,USB4115-03-C,,smt,USB 2.0-only 14P Type-C Receptacle connector,,,,
"J11, J3",2,Battery Input,JST_SH_BM04B-SRSS-TB_1x04-1MP_P1.00mm_Vertical,,BM04B-SRSS-TB,,smt,"Generic connector, single row, 01x04, script generated (kicad-library-utils/schlib/autogen/connector/)",,,,
J2,1,Motor1,JST_SH_BM06B-SRSS-TB_1x06-1MP_P1.00mm_Vertical,,BM06B-SRSS-TB,,smt,"Generic connector, single row, 01x06, script generated (kicad-library-utils/schlib/autogen/connector/)",,,,
J4,1,Micro_SD_Card_Det1,microSD_HC_Hirose_DM3D-SF,,DM3D-SF,,smt,Micro SD Card Socket with one card detection pin,,,,
J5,1,Conn_01x04,PinHeader_1x04_P2.54mm_Vertical,,,Yes,tht,"Generic connector, single row, 01x04, script generated (kicad-library-utils/schlib/autogen/connector/)",,,,
J6,1,Conn_01x04,PinHeader_1x04_P2.54mm_Vertical,,,Yes,tht,"Generic connector, single row, 01x04, script generated (kicad-library-utils/schlib/autogen/connector/)",,,,
J7,1,Conn_02x05_Odd_Even,PinHeader_2x05_P2.54mm_Vertical_SMD,,,Yes,smt,"Generic connector, double row, 02x05, odd/even pin numbering scheme (row 1 odd numbers, row 2 even numbers), script generated (kicad-library-utils/schlib/autogen/connector/)",,,,
J8,1,Conn_01x03,PinHeader_1x03_P2.54mm_Vertical,,,Yes,tht,"Generic connector, single row, 01x03, script generated (kicad-library-utils/schlib/autogen/connector/)",,,,
J9,1,debug_probe,JST_SH_BM03B-SRSS-TB_1x03-1MP_P1.00mm_Vertical,,BM03B-SRSS-TB,,smt,"Generic connector, single row, 01x03, script generated (kicad-library-utils/schlib/autogen/connector/)",,,,
L1,1,2.2u,L_Bourns_SRP5030T,,SRP5030TA-2R2M,,smt,,,,,
L2,1,3.3u,L_1008_2520Metric,1008,TFM252012ALMA3R3MTAA,,smt,"Inductor, small symbol",LQM2HPN3R3MG0L,,,
Q1,1,BSP613P,SOT-223,SOT223-4,BSP613PH6327XTSA1,,smt,"P-MOSFET transistor, gate/drain/source, drain connected to mounting plane",BSP613PH6327XTSA1,,,
Q2,1,Q_NPN_BCE,SOT-23-3,SOT-23-3,MMBT3904-7-F,,smt,"NPN transistor, base/collector/emitter",,,,
"R1, R18",2,100K,R_0402_1005Metric,0402,RC0402JR-07100KL,,smt,"Resistor, small US symbol",,,,
R10,1,31.6K,R_0402_1005Metric,0402,RT0402FRE0731K6L,,smt,,,,,
"R11, R14, R15, R2, R35, R36, R37, R38, R39, R40, R41, R42, R43, R44, R51, R55, R9",17,10K,R_0402_1005Metric,0402,RC0402JR-0710KL,,smt,"Resistor, small US symbol",,,,
R12,1,0.1,R_0805_2012Metric,0805,ERJ-6DSFR10V,,smt,,,,,
"R13, R16, R19, R20, R21, R23, R24, R25, R3, R4, R5, R6",12,0,R_0402_1005Metric,0402,RC0402FR-070RL,,smt,"Resistor, small US symbol",,,,
R17,1,324K,R_0402_1005Metric,0402,RC0402FR-07324KL,,smt,"Resistor, small US symbol",,,,
R22,1,4.7K,R_0402_1005Metric,0402,RC0402JR-074K7L,,smt,"Resistor, small US symbol",,,,
R26,1,0,R_0402_1005Metric,0402,RC0402FR-070RL,Yes,smt,"Resistor, small US symbol",,,,
R27,1,0,R_0402_1005Metric,0402,RC0402FR-070RL,Yes,smt,"Resistor, small US symbol",,,,
R28,1,1K,R_0402_1005Metric,0402,RC0402JR-071KL,,smt,"Resistor, small US symbol",,,,
"R29, R30",2,2.2K,R_0402_1005Metric,0402,RC0402JR-072K2L,,smt,"Resistor, small US symbol",,,,
R31,1,0.08,R_1206_3216Metric,1206,RL1206FR-070R08L,,smt,"Resistor, small US symbol",,,,
"R32, R33",2,22,R_0402_1005Metric,0402,RC0402FR-0722RL,,smt,"Resistor, small US symbol",,,,
R34,1,33,R_0402_1005Metric,0402,RC0402JR-0733RL,,smt,"Resistor, small US symbol",,,,
"R47, R56",2,10,R_0402_1005Metric,0402,RC0402FR-0710RL,,smt,"Resistor, small US symbol",,,,
"R48, R49",2,100,R_0402_1005Metric,0402,RC0402FR-07100RL,,smt,"Resistor, small US symbol",,,,
R50,1,0,R_0402_1005Metric,0402,RC0402FR-070RL,Yes,smt,"Resistor, small US symbol",,,,
"R52, R53",2,5.1K,R_0402_1005Metric,0402,RC0402FR-075K1L,,smt,"Resistor, small US symbol",,,,
R54,1,3K,R_0402_1005Metric,0402,ERA-2AEB302X,,smt,"Resistor, small US symbol",,,,
"R7, R8",2,86.6K,R_0402_1005Metric,0402,CRCW040286K6FKEDC,,smt,"Resistor, small US symbol",,,,
SW1,1,SW_Omron_B3FS,SW_SPST_B3S-1000,,B3FS-1002P,,smt,Omron B3FS 6x6mm single pole normally-open tactile switch,,,,
TP1,1,TestPoint,TestPoint_Pad_D1.0mm,,,Yes,tht,test point,,,,
TP11,1,GPS_PPS,TestPoint_Pad_D1.0mm,,,Yes,tht,test point,,,,
TP12,1,GPS_RST,TestPoint_Pad_D1.0mm,,,Yes,tht,test point,,,,
TP13,1,GPS_SAFE,TestPoint_Pad_D1.0mm,,,Yes,tht,test point,,,,
TP14,1,GPS_INT,TestPoint_Pad_D1.0mm,,,Yes,tht,test point,,,,
TP15,1,M0+,TestPoint_Pad_D1.0mm,,,Yes,tht,test point,,,,
TP16,1,M0-,TestPoint_Pad_D1.0mm,,,Yes,tht,test point,,,,
TP17,1,TestPoint,TestPoint_Pad_D1.0mm,,,Yes,tht,test point,,,,
TP18,1,EN0_A,TestPoint_Pad_D1.0mm,,,Yes,tht,test point,,,,
TP19,1,EN0_B,TestPoint_Pad_D1.0mm,,,Yes,tht,test point,,,,
TP2,1,TestPoint,TestPoint_Pad_D1.0mm,,,Yes,tht,test point,,,,
TP20,1,TestPoint,TestPoint_Pad_D1.0mm,,,Yes,tht,test point,,,,
TP21,1,M1+,TestPoint_Pad_D1.0mm,,,Yes,tht,test point,,,,
TP22,1,M1-,TestPoint_Pad_D1.0mm,,,Yes,tht,test point,,,,
TP23,1,USB+,TestPoint_Pad_D1.0mm,,,Yes,tht,test point,,,,
TP24,1,EN1_A,TestPoint_Pad_D1.0mm,,,Yes,tht,test point,,,,
TP25,1,EN1_B,TestPoint_Pad_D1.0mm,,,Yes,tht,test point,,,,
TP26,1,USB-,TestPoint_Pad_D1.0mm,,,Yes,tht,test point,,,,
TP28,1,RST,TestPoint_Pad_D1.0mm,,,Yes,tht,test point,,,,
TP3,1,TestPoint,TestPoint_Pad_D1.0mm,,,Yes,tht,test point,,,,
TP4,1,TestPoint,TestPoint_Pad_D1.0mm,,,Yes,tht,test point,,,,
TP5,1,TestPoint,TestPoint_Pad_D1.0mm,,,Yes,tht,test point,,,,
TP6,1,TestPoint,TestPoint_Pad_D1.0mm,,,Yes,tht,test point,,,,
TP7,1,Input_V,TestPoint_Pad_D1.0mm,,,Yes,tht,test point,,,,
TP8,1,TestPoint,TestPoint_Pad_D1.0mm,,,Yes,tht,test point,,,,
"U1, U2",2,DRV8871DDA,Texas_HTSOP-8-1EP_3.9x4.9mm_P1.27mm_EP2.95x4.9mm_Mask2.4x3.1mm_ThermalVias,"8-PowerSOIC (0.154"", 3.90mm Width)",DRV8871DDAR,,smt,"Brushed DC Motor Driver, PWM Control, 45V, 3.6A, Current limiting, HTSOP-8",,,,
U3,1,AP62250Z6,SOT-563,SOT-563,AP62250Z6-7,,smt,,,,,
U4,1,IIM-42652,Bosch_LGA-14_3x2.5mm_P0.5mm,14-VFLGA,IIM-42652,,smt,"6-axis MEMS gyroscope/accelerometer, I2C/I3C/SPI interface, 1.71 to 3.3V, LGA-14",,,,
U5,1,BME280,Bosch_LGA-8_2x2.5mm_P0.65mm_ClockwisePinNumbering,8-VFLGA,BME280,,smt,"Absolute Barometric Pressure Sensor, LGA-8",,,,BME280
U6,1,RP2350B-QFN80,RP2350B_QFN-80_EP_10.573x10.573_Pitch0.4mm,QFN80,SC1510-A4,,smt,,,,,
U7,1,INA180A1,SOT-23-5,SOT-23-5,INA180A1IDBVR,,smt,"Current Sense Amplifier, 1 Circuit, Rail-to-Rail, 26V, Gain 20 V/V, SOT-23-5",,,,
"U8, U9",2,IS25LP040E-JNLE-TR,SOIC-8_3.9x4.9mm_P1.27mm,SOIC-8_3.9x4.9mm_P1.27mm,IS25LP040E-JNLE-TR,,smt,"IC PSRAM 16MBIT SPI QPI 8SOIC, 8WSON,8USON",,,,
X1,1,ASE-12.000MHZ-L-C-T,Oscillator_SMD_Abracon_ASE-4Pin_3.2x2.5mm,4-SMD (3.2x2.5),ASE-12.000MHZ-L-C-T,,smt,"3.3V CMOS SMD Crystal Clock Oscillator, Abracon",,,,
