﻿pos_x,pos_y,rotation,side,designator,mpn,pack,footprint,value,mount_type
161.9,-77.5125,-90.0,bottom,C1,,,C_0603_1608Metric_Pad1.08x0.95mm_HandSolder,0.1uF,smt
143.5,-71.27,-90.0,top,C10,,,C_0402_1005Metric,100n,smt
135.0,-79.01,180.0,top,C11,,,C_0805_2012Metric,22u,smt
135.0,-77.0,180.0,top,C12,,,C_0805_2012Metric,22u,smt
141.5,-97.5,180.0,bottom,C15,,,C_0603_1608Metric_Pad1.08x0.95mm_HandSolder,1uF,smt
145.0625,-99.6,180.0,bottom,C16,,,C_0603_1608Metric_Pad1.08x0.95mm_HandSolder,1uF,smt
160.2,-74.0,180.0,top,C17,,,C_0603_1608Metric_Pad1.08x0.95mm_HandSolder,0.1uF,smt
158.8,-79.0,180.0,top,C18,,,C_0603_1608Metric_Pad1.08x0.95mm_HandSolder,0.1uF,smt
151.0,-79.4625,-90.0,bottom,C19,,,C_0603_1608Metric_Pad1.08x0.95mm_HandSolder,1u,smt
171.95,-77.6625,-90.0,bottom,C2,,,C_0603_1608Metric_Pad1.08x0.95mm_HandSolder,0.1uF,smt
172.9465,-109.5,0.0,top,C20,,,C_0603_1608Metric_Pad1.08x0.95mm_HandSolder,0.1u,smt
165.7,-111.9625,-90.0,top,C21,,,C_0603_1608Metric_Pad1.08x0.95mm_HandSolder,47nF,smt
163.1,-110.8,-90.0,top,C22,,,C_0603_1608Metric_Pad1.08x0.95mm_HandSolder,47nF,smt
166.775,-108.3,-90.0,top,C23,,,C_0805_2012Metric_Pad1.18x1.45mm_HandSolder,4.7u,smt
168.6,-112.2375,-90.0,top,C24,,,C_0805_2012Metric_Pad1.18x1.45mm_HandSolder,4.7u,smt
166.8,-104.3625,-90.0,bottom,C25,,,C_0805_2012Metric_Pad1.18x1.45mm_HandSolder,4.7u,smt
153.5,-102.5,180.0,bottom,C26,,,C_0805_2012Metric_Pad1.18x1.45mm_HandSolder,4.7u,smt
152.4,-104.4,180.0,bottom,C27,,,C_0603_1608Metric_Pad1.08x0.95mm_HandSolder,100n,smt
157.6,-96.0,90.0,bottom,C28,,,C_0603_1608Metric_Pad1.08x0.95mm_HandSolder,100n,smt
138.8,-106.8,180.0,top,C29,,,C_0603_1608Metric_Pad1.08x0.95mm_HandSolder,1nF,smt
170.0,-77.8,-90.0,bottom,C3,,,C_0805_2012Metric_Pad1.18x1.45mm_HandSolder,10uF,smt
150.2625,-96.6,0.0,top,C30,,,C_0603_1608Metric_Pad1.08x0.95mm_HandSolder,0.1u,smt
159.8,-110.4,-90.0,bottom,C31,,,C_0603_1608Metric_Pad1.08x0.95mm_HandSolder,1.6nF,smt
162.6,-110.6,-90.0,bottom,C32,,,C_0603_1608Metric_Pad1.08x0.95mm_HandSolder,1.6nF,smt
165.2625,-107.1,0.0,bottom,C35,,,C_0603_1608Metric_Pad1.08x0.95mm_HandSolder,100n,smt
162.6,-101.4,-90.0,bottom,C36,,,C_0603_1608Metric_Pad1.08x0.95mm_HandSolder,100n,smt
154.2,-109.6,-90.0,top,C37,,,C_0603_1608Metric_Pad1.08x0.95mm_HandSolder,100n,smt
156.8,-101.8625,-90.0,bottom,C38,,,C_0603_1608Metric_Pad1.08x0.95mm_HandSolder,100n,smt
156.6,-99.4,0.0,bottom,C39,,,C_0603_1608Metric_Pad1.08x0.95mm_HandSolder,100n,smt
167.4,-76.4,180.0,top,C4,,,C_0805_2012Metric_Pad1.18x1.45mm_HandSolder,10uF,smt
156.7,-105.5,180.0,bottom,C40,,,C_0603_1608Metric_Pad1.08x0.95mm_HandSolder,100n,smt
164.2,-101.4,-90.0,bottom,C41,,,C_0603_1608Metric_Pad1.08x0.95mm_HandSolder,100n,smt
160.7625,-98.3,180.0,bottom,C42,,,C_0603_1608Metric_Pad1.08x0.95mm_HandSolder,100n,smt
161.1625,-104.5,0.0,bottom,C43,,,C_0603_1608Metric_Pad1.08x0.95mm_HandSolder,2.2u,smt
156.0,-96.0,90.0,bottom,C44,,,C_0603_1608Metric_Pad1.08x0.95mm_HandSolder,100n,smt
169.8,-104.0,-90.0,top,C45,,,C_0603_1608Metric_Pad1.08x0.95mm_HandSolder,0.1u,smt
155.8,-73.0,90.0,bottom,C5,,,C_0805_2012Metric_Pad1.18x1.45mm_HandSolder,10uF,smt
153.6,-73.0,90.0,bottom,C6,,,C_0805_2012Metric_Pad1.18x1.45mm_HandSolder,10uF,smt
151.4,-73.0,90.0,bottom,C7,,,C_0805_2012Metric_Pad1.18x1.45mm_HandSolder,10uF,smt
149.2,-73.0,90.0,bottom,C8,,,C_0805_2012Metric_Pad1.18x1.45mm_HandSolder,10uF,smt
137.5,-69.75,90.0,top,C9,,,C_0805_2012Metric,10u,smt
149.6,-66.2,0.0,top,D1,,,D_SOD-323,15V,smt
145.0,-113.6,0.0,top,D10,,,D_0603_1608Metric_Pad1.05x0.95mm_HandSolder,LED,smt
169.35,-69.2,180.0,top,D11,,,SOT-23-6,ESDA6V1BC6,smt
185.0,-98.0,90.0,bottom,D12,,,SOT-23-6,ESDA6V1BC6,smt
159.4625,-110.45,0.0,top,D13,,,SOT-23-6,ESDA6V1BC6,smt
184.0,-98.2,0.0,top,D2,,,D_SOD-123,D_Schottky,smt
171.8,-114.4,180.0,bottom,D3,,,D_SOD-123,D_Schottky,smt
149.0,-79.625,90.0,top,D4,,,D_0603_1608Metric_Pad1.05x0.95mm_HandSolder,LED,smt
141.0,-67.0,0.0,top,D5,,,D_0603_1608Metric_Pad1.05x0.95mm_HandSolder,LED,smt
155.2,-80.4,180.0,top,D6,,,D_0603_1608Metric_Pad1.05x0.95mm_HandSolder,LED,smt
143.8,-65.8,90.0,bottom,D7,,,D_SMA,D,smt
145.6,-109.8,0.0,bottom,D8,,,D_SMA,D,smt
182.6,-79.6,180.0,top,D9,,,SOT-23-6,ESDA6V1BC6,smt
155.6,-63.8,180.0,bottom,F1,,,Fuse_1206_3216Metric,2A,smt
183.9,-95.6,180.0,top,F2,,,Fuse_1206_3216Metric,Polyfuse_Small,smt
172.0,-112.0,0.0,bottom,F4,,,Fuse_1206_3216Metric,Polyfuse_Small,smt
152.175,-114.725,0.0,top,F5,,,Fuse_1206_3216Metric,500mA,smt
169.8,-61.4,0.0,top,FID1,,,Fiducial_1mm_Mask2mm,Fiducial,smt
184.8,-103.0,0.0,top,FID2,,,Fiducial_1mm_Mask2mm,Fiducial,smt
139.4,-110.4,0.0,top,FID3,,,Fiducial_1mm_Mask2mm,Fiducial,smt
169.8,-61.4,180.0,bottom,FID4,,,Fiducial_1mm_Mask2mm,Fiducial,smt
140.8,-100.6,180.0,bottom,FID5,,,Fiducial_1mm_Mask2mm,Fiducial,smt
167.8,-116.4,180.0,bottom,FID6,,,Fiducial_1mm_Mask2mm,Fiducial,smt
159.8,-76.2,180.0,top,FL1,,,L_CommonModeChoke_Coilcraft_0603USB,Choke_Coilcraft_0603USB-222,smt
164.2,-70.3,180.0,bottom,J1,,,JST_SH_BM06B-SRSS-TB_1x06-1MP_P1.00mm_Vertical,Motor0,smt
159.25,-115.835,0.0,top,J10,,,GCT_USB4115-03-C_REVB4,USB_C_Receptacle_USB2.0_14P,smt
174.8,-70.3,180.0,bottom,J2,,,JST_SH_BM06B-SRSS-TB_1x06-1MP_P1.00mm_Vertical,Motor1,smt
161.1,-62.5,90.0,bottom,J3,,,JST_SH_BM04B-SRSS-TB_1x04-1MP_P1.00mm_Vertical,Battery Input,smt
135.8,-88.3,-90.0,top,J4,,,microSD_HC_Hirose_DM3D-SF,Micro_SD_Card_Det1,smt
181.8,-92.44,180.0,top,J5,,,PinHeader_1x04_P2.54mm_Vertical,Conn_01x04,tht
187.0,-92.49,180.0,top,J6,,,PinHeader_1x04_P2.54mm_Vertical,Conn_01x04,tht
175.525,-103.06,180.0,bottom,J7,,,PinHeader_2x05_P2.54mm_Vertical_SMD,Conn_02x05_Odd_Even,smt
175.35,-86.57,0.0,top,J8,,,PinHeader_1x03_P2.54mm_Vertical,Conn_01x03,tht
135.4,-100.75,90.0,top,J9,,,JST_SH_BM03B-SRSS-TB_1x03-1MP_P1.00mm_Vertical,debug_probe,smt
141.75,-76.5,-90.0,top,L1,,,L_Bourns_SRP5030T,2.2u,smt
166.8,-104.2,-90.0,top,L2,,,L_1008_2520Metric,3.3u,smt
149.4,-66.35,90.0,bottom,Q1,,,SOT-223,BSP613P,smt
145.5375,-105.85,0.0,bottom,Q2,,,SOT-23-3,Q_NPN_BCE,smt
153.6,-68.39,90.0,bottom,R1,,,R_0402_1005Metric,100K,smt
145.5,-78.0,-90.0,top,R10,,,R_0402_1005Metric,31.6K,smt
146.0,-76.5,180.0,top,R11,,,R_0402_1005Metric,10K,smt
137.75,-78.0,-90.0,top,R12,,,R_0805_2012Metric,0.1,smt
141.6,-96.2,0.0,bottom,R13,,,R_0402_1005Metric,0,smt
146.2,-99.0,90.0,top,R14,,,R_0402_1005Metric,10K,smt
141.6,-95.2,0.0,bottom,R15,,,R_0402_1005Metric,10K,smt
163.4,-73.6,180.0,top,R16,,,R_0402_1005Metric,0,smt
152.2,-61.0,-90.0,top,R17,,,R_0402_1005Metric,320K,smt
153.2,-61.0,90.0,top,R18,,,R_0402_1005Metric,100K,smt
145.0,-87.0,180.0,top,R19,,,R_0402_1005Metric,0,smt
149.71,-103.2,0.0,bottom,R2,,,R_0402_1005Metric,10K,smt
145.0,-85.5,180.0,top,R20,,,R_0402_1005Metric,0,smt
145.0,-88.4,180.0,top,R21,,,R_0402_1005Metric,0,smt
135.11,-96.0,180.0,top,R22,,,R_0402_1005Metric,4.7K,smt
145.0,-90.0,180.0,top,R23,,,R_0402_1005Metric,0,smt
172.4,-86.6,0.0,top,R24,,,R_0402_1005Metric,0,smt
172.4,-89.1,180.0,top,R25,,,R_0402_1005Metric,0,smt
182.6,-106.6,0.0,bottom,R26,,,R_0402_1005Metric,0,smt
182.6,-105.6,180.0,bottom,R27,,,R_0402_1005Metric,0,smt
147.25,-78.5,0.0,top,R28,,,R_0402_1005Metric,1K,smt
141.31,-65.6,0.0,top,R29,,,R_0402_1005Metric,2.2K,smt
165.05,-84.95,90.0,bottom,R3,,,R_0402_1005Metric,0,smt
154.49,-78.6,0.0,top,R30,,,R_0402_1005Metric,2.2K,smt
147.0,-73.25,-90.0,bottom,R31,,,R_1206_3216Metric,0.08,smt
162.6,-108.6,180.0,top,R32,,,R_0402_1005Metric,22,smt
164.4,-110.1,-90.0,top,R33,,,R_0402_1005Metric,22,smt
168.6,-109.0,90.0,top,R34,,,R_0402_1005Metric,33,smt
181.26,-104.5,180.0,top,R35,,,R_0402_1005Metric,10K,smt
139.2,-105.4,0.0,top,R36,,,R_0402_1005Metric,10K,smt
145.0,-91.5,0.0,top,R37,,,R_0402_1005Metric,10K,smt
167.4,-100.6,-90.0,bottom,R38,,,R_0402_1005Metric,10K,smt
168.6,-100.6,-90.0,bottom,R39,,,R_0402_1005Metric,10K,smt
166.3,-84.96,-90.0,bottom,R4,,,R_0402_1005Metric,0,smt
166.0,-100.6,-90.0,bottom,R40,,,R_0402_1005Metric,10K,smt
148.0,-96.4,-90.0,top,R41,,,R_0402_1005Metric,10K,smt
184.4,-93.2,90.0,top,R42,,,R_0402_1005Metric,10K,smt
158.4,-109.51,90.0,bottom,R43,,,R_0402_1005Metric,10K,smt
161.6,-108.4,180.0,bottom,R44,,,R_0402_1005Metric,10K,smt
158.9,-104.61,90.0,bottom,R47,,,R_0402_1005Metric,10,smt
143.975,-101.75,180.0,top,R48,,,R_0402_1005Metric,100,smt
143.975,-99.75,180.0,top,R49,,,R_0402_1005Metric,100,smt
172.35,-84.5,0.0,bottom,R5,,,R_0402_1005Metric,0,smt
158.4,-76.2,-90.0,top,R50,,,R_0402_1005Metric,0,smt
178.71,-102.3,180.0,top,R51,,,R_0402_1005Metric,10K,smt
157.325,-115.8,0.0,bottom,R52,,,R_0402_1005Metric,5.1K,smt
161.2,-115.825,180.0,bottom,R53,,,R_0402_1005Metric,5.1K,smt
147.8,-113.6,180.0,top,R54,,,R_0402_1005Metric,3K,smt
142.8,-104.4,-90.0,bottom,R55,,,R_0402_1005Metric,10K,smt
148.4,-107.0,-90.0,bottom,R56,,,R_0402_1005Metric,10,smt
172.36,-85.55,180.0,bottom,R6,,,R_0402_1005Metric,0,smt
162.3,-82.05,90.0,bottom,R7,,,R_0402_1005Metric,86.6K,smt
172.25,-82.05,90.0,bottom,R8,,,R_0402_1005Metric,86.6K,smt
139.5,-70.75,0.0,top,R9,,,R_0402_1005Metric,10K,smt
145.8,-109.0,0.0,top,SW1,,,SW_SPST_B3S-1000,SW_Omron_B3FS,smt
165.695,-79.7,90.0,bottom,U1,,,Texas_HTSOP-8-1EP_3.9x4.9mm_P1.27mm_EP2.95x4.9mm_Mask2.4x3.1mm_ThermalVias,DRV8871DDA,smt
175.7,-79.7,90.0,bottom,U2,,,Texas_HTSOP-8-1EP_3.9x4.9mm_P1.27mm_EP2.95x4.9mm_Mask2.4x3.1mm_ThermalVias,DRV8871DDA,smt
141.75,-71.25,90.0,top,U3,,,SOT-563,AP62250Z6,smt
145.4625,-96.65,180.0,bottom,U4,,,Bosch_LGA-14_3x2.5mm_P0.5mm,IIM-42652,smt
145.6,-96.45,180.0,top,U5,,,Bosch_LGA-8_2x2.5mm_P0.65mm_ClockwisePinNumbering,BME280,smt
159.425,-101.85,-90.0,top,U6,,,RP2350B_QFN-80_EP_10.573x10.573_Pitch0.4mm,RP2350B-QFN80,smt
148.45,-79.8625,90.0,bottom,U7,,,SOT-23-5,INA180A1,smt
174.525,-106.0,180.0,top,U8,,,SOIC-8_3.9x4.9mm_P1.27mm,16Mbit PSRAM,smt
174.525,-99.0,180.0,top,U9,,,SOIC-8_3.9x4.9mm_P1.27mm,16Mbit PSRAM,smt
149.325,-99.45,-90.0,top,X1,,,Oscillator_SMD_Abracon_ASE-4Pin_3.2x2.5mm,ASE-12.000MHZ-L-C-T,smt
